{
  "transcription": {
    "total_audio_seconds": 835.0,
    "covered_seconds": 830.0,
    "coverage_pct": 99.4,
    "total_segments": 259,
    "segments_per_minute": 18.61,
    "avg_segment_duration": 3.2
  },
  "sentiment": {
    "cohen_kappa": 0.5463,
    "kappa_interpretation": "moderate",
    "mae_scores": 0.1194,
    "override_rate": 0.0,
    "overrides_n": 0,
    "total_segments": 86,
    "f1_macro": 0.6867,
    "f1_per_class": {
      "positive": 0.7887,
      "negative": 0.5714,
      "neutral": 0.7
    },
    "classification_report": {
      "positive": {
        "precision": 0.9333333333333333,
        "recall": 0.6829268292682927,
        "f1-score": 0.7887323943661971,
        "support": 41.0
      },
      "negative": {
        "precision": 0.8571428571428571,
        "recall": 0.42857142857142855,
        "f1-score": 0.5714285714285714,
        "support": 14.0
      },
      "neutral": {
        "precision": 0.5714285714285714,
        "recall": 0.9032258064516129,
        "f1-score": 0.7,
        "support": 31.0
      },
      "accuracy": 0.7209302325581395,
      "macro avg": {
        "precision": 0.7873015873015872,
        "recall": 0.6715746880971114,
        "f1-score": 0.6867203219315895,
        "support": 86.0
      },
      "weighted avg": {
        "precision": 0.7904761904761904,
        "recall": 0.7209302325581395,
        "f1-score": 0.7213724205699312,
        "support": 86.0
      }
    }
  },
  "speakers": {
    "talk_time_seconds": {
      "Agent": 596.0,
      "Customer": 224.0
    },
    "talk_time_ratio": {
      "Agent": 0.7268,
      "Customer": 0.2732
    },
    "avg_sentiment": {
      "Agent": 0.16,
      "Customer": 0.07
    },
    "overall_sentiment": {
      "Agent": "positive",
      "Customer": "positive"
    }
  },
  "latency": {
    "whisper_seconds": 31.18,
    "gpt_seconds": 215.43,
    "total_seconds": 246.65
  },
  "wer": {
    "wer": 0.1175,
    "cer": 0.0854,
    "substitutions": 108,
    "deletions": 169,
    "insertions": 17,
    "reference_words": 2502
  }
}